{"cameraMode":{"drawMode":0,"name":"Shaded","section":"Shading Mode"},"sceneLighting":true,"audioPlay":false,"sceneViewState":{"m_AlwaysRefresh":false,"showFog":true,"showSkybox":true,"showFlares":true,"showImageEffects":true,"showParticleSystems":true,"showVisualEffectGraphs":true,"m_FxEnabled":true},"in2DMode":false,"pivot":{"x":-0.695592999458313,"y":3.678170680999756,"z":10.968427658081055},"rotation":{"x":0.1868428885936737,"y":-0.10294148325920105,"z":0.01969074457883835,"w":0.9767876863479614},"size":18.619705200195314,"orthographic":false}